numacc,species_code,ind_code,spike_length_mm,spikelet_nb,tot3_fertile,tot_nb_fertile_fls,spikelet_length_mm,flower_length_mm,eta_len1,eta_len2,eta_len3,eta_len4,eta_len5,eta_len6,eta_wid1,eta_wid2,eta_wid3,eta_wid4,eta_wid5,eta_wid6,ova1,ova2,ova3,sti1,sti2,sti3,n_AF_splets,tot_AF_fertile,mean_eta_len,mean_eta_wid,eta_len_norm,eta_wid_norm,sti_mean,ova_mean,sti_norm,maleinvest,compactness,AF_index
AE1079,Abi,Abi02,29,6,5,9,6.8240441033101,5.4249255952381,2.8720469562216,2.86820561776084,3.04806700565528,3.06040539281471,2.66570201629951,2.80859252558193,0.383977915546844,0.375123056833838,0.429369576116134,0.409355767759862,0.39724607268764,0.363980754984995,1.15800998619574,1.07845959620528,1.18614592781081,1.97415544558312,1.79129966339549,2.21531543803636,6,10,2.88716991905565,0.393175523988219,0.532204519374413,0.0724757449822614,1.99359018233832,1.14087183673728,0.367487101406194,2.53066981415942,0.794972235394355,1
CIAe471323,Abi,Abi04,51,10,6,23,8.79357782051282,5.65038232142857,2.6106600371871,2.58338985317879,2.64879651043495,2.65553044159038,2.53754459535277,2.47767476171419,0.387461722622621,0.390226433998867,0.413530922360234,0.402364827969689,0.372306097525229,0.407832952947959,0.755220644447511,0.834769320821234,0.724338386822411,1.54202229333027,1.58711888587645,1.3547822369054,12.9216879472981,19.2270753213676,2.58559936657636,0.3956204929041,0.45759724200798,0.0700165883295621,1.49464113870404,0.771442784030385,0.264520355204239,3.35164113282382,0.642557834451399,0.743984663605347
CIAe70,Abi,Abi05,68,15,5,24,6.39060108333333,6.06621287475748,3.03887631055697,2.34992691831585,2.67730078011594,3.20593824423495,2.88221138306566,3.26591486973031,0.391466897316528,0.502411105908572,0.296701293244031,0.407086301592608,0.42578379574638,0.429719595587469,0.704346716141555,0.8161948199816,0.683619726930202,1.61120953984377,1.67054445044958,1.38763181279411,16,31,2.90336141766995,0.408861498232598,0.478611858438288,0.067399794018759,1.55646193436249,0.734720421017786,0.25657885183014,3.95165471737945,0.949239796954021,1.1625
KU-15010,Abi,Abi06,61,14,3,17,7.44407012820513,6.46828805782802,2.62122006752572,2.21543666562335,2.88951861822448,2.66595045638625,2.8145458047186,2.54182211883514,0.715588651869808,0.459684369016201,0.72438290135866,0.54504008058788,0.551751154031845,0.380776825650734,1.0317028347292,1.09953153338975,0.945509634410921,2.05613011044914,2.16430481921475,1.83818734534672,15,30,2.62474895521892,0.562870663752521,0.405787270411127,0.0870200366341642,2.01954075833687,1.02558133417662,0.3122218337034,2.55927917928243,0.868918205555328,2
KU-15012,Abi,Abi08,75.7135678161348,14.7699273550708,2.81470746950673,14.9058599362925,10.8018284203536,9.05710856384834,3.1933625568242,3.34541568889849,3.75296616472436,3.12839314131911,3.29826741487599,3.39817393575335,0.552195998045648,0.487958071540322,0.555960667322852,0.789995637609819,0.624129888161686,0.444678731841847,1.2782009219701,1.26761000108361,1.18387067955162,2.28622746538925,2.39111486197652,2.24334445947093,14.7881981992858,14.5030560259448,3.35276315039925,0.575819832420362,0.370180298355027,0.063576562913109,2.30689559561223,1.24322720086844,0.254705525427868,2.69682255026049,0.838479210314272,1.04527906214439
KU-5782,Abi,Abi12,35,5,6,16,8.25416560283688,5.45711675531915,3.11782241232129,3.42747052309899,3.42453095098565,3.42377711186159,3.46621699672734,3.14059674941307,0.342139604768678,0.385957197257576,0.40555926650642,0.414298347517598,0.350977736142461,0.467119548501282,0.460328514751671,0.682487836478171,0.823049451405605,1.15905147904102,1.36991885813218,1.3680845638381,9,16,3.33340245740132,0.394341950115669,0.610835832704549,0.0722619595285912,1.2990183003371,0.655288600878482,0.238041141243849,5.086922697774,0.661134876363953,0.888888888888889
KU-5784,Abi,Abi13,63,9,7,21,9.32615091954023,7.51106260683761,4.08132905905344,4.39213548695538,4.32412513103858,4.07024378640212,4.15841959917754,4.04057415073372,0.291743704858182,0.39572936449975,0.457292850817832,0.386333119231077,0.393379183780893,0.420502129826135,0.888274812502098,1.07827314673326,1.29838936487311,1.75154910144449,1.96193667046374,2.35811490400915,11,31,4.17780453556013,0.390830058835645,0.556220172064191,0.0520339237326896,2.02386689197246,1.08831244136949,0.269451474166925,3.83879148739947,0.805376480783768,1.20779220779221
KU-6141,Abi,Abi14,33.6588348259724,8.42898825820448,2.02359322466122,5.53830942761237,10.7591442258037,9.13429411177922,2.85987664967138,2.94855374890093,3.01790733027387,2.86325096658475,2.78028781195669,2.81052462359015,0.427647559542057,0.50512578858525,0.444515644578366,0.487396674170827,0.488729111872122,0.453591866292101,1.85679467479345,1.27275029359248,1.20651241972215,2.22104719733096,2.04039292909327,1.9084261189504,7.87281417141754,11.0630775608528,2.88006685516296,0.467834440840121,0.315302618890818,0.0512173612011048,2.05662208179154,1.44535246270269,0.225153915193009,1.99263980896222,0.848979613998704,2.08326249189582
PI560731,Aca,Aca03,89,7,0,0,13.0180679761905,10.4438585119048,4.98085746104805,5.03374662969421,5.11525421108523,4.94199986663378,5.05615093631443,5.0299585308278,0.599876478085998,0.644846864794281,0.588619714130251,0.633659578759504,0.644337930136822,0.614003065826675,1.50715592377628,1.37454372750392,1.45398256662847,2.39968867316758,2.45787829135659,2.71545919435402,6.03396521740395,0,5.02632793926725,0.620890605288922,0.481271163673638,0.059450308004573,2.5243420529594,1.44522740596956,0.241705883901236,3.47788031039672,0.802258716962162,0
PI551124,Aca,Aca05,111.907310233018,16.1874908747048,3.32488299979273,17.6227747602855,11.3581382718421,9.23975471949887,4.52954733435701,4.88803909719934,4.76642702268277,4.62330604189433,4.41524855401266,4.10516727968857,0.660614386857967,0.581344781451221,0.576836360285652,0.712567910318627,0.634198705527139,0.786927853968777,1.12031134207316,1.13899118181824,1.12354783817223,2.34170523269602,2.42793047223942,2.45782709897652,15.9393159009897,10.8974816189609,4.55462255497245,0.65874833306823,0.492937604215913,0.0712950022015258,2.40915426797065,1.12761678735454,0.260737902802393,4.03915816618682,0.813492008844892,0.61688094368131
PI551125,Aca,Aca06,93,5,0,0,16.9086935897436,11.3915239423077,5.76398378101007,5.83864432285151,5.91462741487754,5.70379811383893,5.90681561381404,5.87333299485236,0.690340974590873,0.7398020818228,0.672057373315885,0.721487336637288,0.743019260691465,0.704350777083463,1.66562801251826,1.49844521263062,1.62380785525605,2.69064104357371,2.75980022296512,3.1403694821197,6,2,5.83353370687407,0.711842967356962,0.512094232204398,0.0624888268647888,2.86360358288618,1.59596036013498,0.2513802014014,3.65518709147683,0.673708106533879,0.333333333333333
AE1218,Aca,Aca20,56,5,6,10,13.1976681981982,9.73000719740022,5.92741694820728,5.7001225270019,5.77091916491876,5.80507309254879,5.82581907919536,6.02707236934208,0.531542792498546,0.534640984394259,0.557576032451699,0.631399046774598,0.571428556532681,0.611197809354605,0.615108067084423,0.714623051426324,1.00003766873855,1.28612084754735,1.4197444197423,2.13650059894022,6,5,5.84273719686903,0.572964203667731,0.600486420855902,0.0588863083082634,1.61412195540996,0.776589595749766,0.165891136837107,7.52358417991436,0.737251994161257,0.416666666666667
AE1330,Aca,Aca21,68,19,4,26,6.0928103562353,6.00747659090909,4.3178032653261,4.9828631541065,4.52438553245805,4.510322537985,4.57887959254395,4.75935810657084,0.519187031875721,0.520384338340441,0.535422748236187,0.480714998675786,0.531495129590246,0.54594908126046,1.36220974429439,0.888300113842197,1.39406568836317,2.33655187534698,2.40902552909289,2.39101598584025,6,2,4.61226869816507,0.522192221329807,0.767754751661399,0.0869237213708036,2.37886446342671,1.21485851549992,0.395983975539174,3.79654802540287,0.98599435066301,0.25
KU-5472,Aca,Aca22,90,9,6,10,12.1784555284553,10.3319679268293,4.68117095519159,4.08905749045646,4.55857770722913,4.81807231833801,3.68819751565297,4.43268035458159,0.383858280722881,0.371915015380213,0.459754777543574,0.547296091962254,0.372924810609215,0.393192420845735,0.56801497024633,0.555699267619113,0.514150113543764,1.75144681713742,1.47507514983014,1.59657877752063,8,5,4.37795939024162,0.421490232843979,0.42372947934471,0.0407947678340622,1.60770024816273,0.545954783803069,0.155604455951511,8.01890471541467,0.848380806801681,0.3125
KU-5482,Aca,Aca24,79.6572748017376,12.4243146185038,2.90049441649615,12.2943410840782,11.0552072828832,9.1145493730516,3.68422585684449,4.0643076771617,4.23119987109686,3.97800546630062,3.71365640596381,4.07744296343021,0.420092859498286,0.65491049570073,0.54640485260118,0.593440357707231,0.574437366627093,0.605725628971354,1.23474915654592,1.2074661948298,1.17736501354271,2.20159399405202,2.27982143736856,2.26334479588734,12.0412549765303,10.4516519742957,3.95813970679961,0.565835260184312,0.434266088733074,0.0620804427103419,2.24825340910264,1.20652678830614,0.246666435945797,3.28060656850935,0.824457573686896,0.897764458234719
AE1067,Aca,Aca25,84,7,1,1,12.713938452381,10.3788055952381,4.79860937024594,4.36790184881859,4.16125876976639,4.59821181596442,4.2325787464045,4.66478811626749,0.490498716783897,0.465226682475482,0.492567885373442,0.475596842954556,0.435590519730301,0.530773744283727,1.34417549455701,1.23226674127295,1.29222844534161,2.06398754411913,2.09777188804908,2.29645276725079,7,0,4.47055811124456,0.481709065266901,0.430739170343039,0.0464127650187333,2.15273739980633,1.28955689372386,0.207416680084463,3.46673972509651,0.816332848716474,0
KU-5491,Aca,Aca30,62.0080515595817,15.5651682322433,3.97501213931221,19.4637694384998,9.18986004014389,7.79218747318681,2.29361669709202,2.36934360551668,2.39884312250261,2.33159740449894,2.23627019505035,2.21427818407532,0.448768473171884,0.498782552230332,0.491315567567015,0.482951925984692,0.471347287473607,0.484028486226181,1.41957059563812,1.21907487581465,0.577469502732301,2.26043347333172,2.03387034447125,1.67914383822211,16.876539295542,21.9024598313291,2.30732486812265,0.479532382108952,0.296107463541174,0.0615401495098827,1.99114921867503,1.07203832472836,0.255531482722488,2.15227834201478,0.847911441430919,0.979472603490991
PI551047,Aco,Aco03,48,4,0,1,11.3178154878646,9.02528613095238,4.27067619193577,4.11423266439434,4.20104962655207,3.98310722844877,4.25053172502432,3.94973477468555,0.461884307182899,0.463707457160969,0.633264737233061,0.511108523584788,0.536141050540392,0.477045586216023,1.40205463281727,1.28890567554878,1.31639993037915,2.10229955189494,2.15099926106834,2.26866946213467,5,7,4.12822203517347,0.513858610319689,0.457406222392846,0.0569354370447493,2.17398942503265,1.3357867462484,0.240877618004477,3.09047985898027,0.797440649269255,1.4
PI551054,Aco,Aco05,60,5,0,0,12.3210145679012,9.96131228395062,3.92024539440833,3.83486091572297,4.29566548518132,3.64016086855263,4.30710876675293,4.48595347291941,0.449149692637286,0.668238686252853,0.543474536515901,0.533816009531593,0.595614748321128,0.632408221525101,1.57725277657022,1.43384103472249,1.4612044363262,2.31990104798484,2.38885080648252,2.51077809441783,4,1,4.08066581725627,0.57045031579731,0.409651429544169,0.0572665829096035,2.40650998296173,1.49076608253964,0.241585637952444,2.73729451256668,0.808481495501345,0.25
AE1254,Aco,Aco24,56,5,2,4,11.079464496124,8.78382611111111,3.57923993194621,3.83031138661396,3.80658993291805,3.09776356820078,3.19150492490744,3.95473704629797,0.502902253670843,0.421839742294505,0.558276755958608,0.465186387521091,0.568170613067112,0.418637913839016,0.985031056183212,0.823694038362682,1.02104978459917,2.05184652145756,2.14382969275512,2.61802829686519,5,5,3.57669113181407,0.489168944391862,0.407190566681384,0.0556897345421135,2.27123483702596,0.943258293048355,0.258570104678297,3.79184700327964,0.792802406125676,1.5
AE1257,Aco,Aco26,99.3561394842323,17.1954447009895,3.77317234205711,20.3210831990569,10.4396239161351,8.60162538887083,3.70823988428722,3.75908922659021,3.78698756209113,3.72277947804288,3.77020864005209,3.69658746048989,0.582459884355311,0.604388218614139,0.61087248569466,0.592616776005566,0.585713346292334,0.611780273471393,1.36939278703407,0.842909795262165,0.946278552895787,2.70226844640933,2.40126293178145,1.85238017546206,17.7297983373523,16.2609067433589,3.74064870859224,0.5979718307389,0.434876960979033,0.0695184693247143,2.31863718455095,1.05286037839734,0.269558028829168,3.55284402884097,0.823940158953091,0.72921496996683
AE760,Aco,Aco27,72,8,6,14,9.09867089430894,7.29377956349206,2.47732010610647,2.41057295633876,3.96151272716098,2.52252853824194,2.19184837395956,2.43389143226505,0.372330361200675,0.348280217639765,0.374300838490304,0.414426626054071,0.324452225264522,0.400472867035113,1.29054533429583,1.1441387518919,0.717277326137555,2.3986157667913,1.95911409134943,1.3004082443709,9,23,2.66627902234546,0.372377189280742,0.365555196607686,0.051054077798652,1.88604603417054,1.05065380410843,0.258582812621713,2.53773318282327,0.801631320466178,1.27777777777778
KU-17-2,Aco,Aco29,36,4,7,9,10.28081275,9.11594208333333,4.2171285956189,4.01186370842254,4.38682474894801,4.53021808809177,4.23147827318695,4.04514914175747,0.458068406437278,0.446140785244279,0.414730873193829,0.507481439939596,0.558804751312194,0.446117117264026,1.20816266175344,1.20176223189235,1.1002364163492,1.58309542537685,1.53344114580657,1.19403984012809,4,3,4.23711042600427,0.471890562231867,0.464802253817626,0.0517654190777083,1.4368588037705,1.17005376999833,0.157620440173431,3.62129547773716,0.886694690877755,0.321428571428571
PI318647,Alo,Alo04,130,10,5,14,11.9345466842214,10.1565750854701,5.49669618438663,5.51672757488817,5.64649039989238,5.31514655566281,5.33246946457281,5.10265717435583,0.596655937751872,0.645422168387806,0.604567209082568,0.600855825274053,0.477181927395656,0.474031960926027,0.886453441944406,1.16055882535434,1.54122159169082,1.91931616761253,2.72746672670835,1.99020825399368,12,11,5.40169789229311,0.566452504802997,0.531842461345136,0.0557719999149476,2.21233038277152,1.19607795299652,0.21782248092041,4.5161754539161,0.851023114174756,0.55
PI330486,Alo,Alo05,108,9,5,20,12.9943385185185,10.2259744642857,5.29435133728446,4.89119791241134,4.18918959088003,4.84611925189909,5.28469767273852,4.55284998876891,0.562170186572528,0.656956310741022,0.674906985277463,0.662386719275594,0.634505374566927,0.683484365100741,1.10579691879439,1.10155310219066,1.1304582128827,2.2502874432952,2.31245820648826,2.44929171326215,10,10,4.84306762566372,0.645734990255712,0.473604510022803,0.0631465482835838,2.33734578768187,1.11260274462258,0.228569491919334,4.35291720164378,0.786956138607014,0.6
AE1078,Alo,Alo20,122,15,5,30,12.6219878205128,10.7125877678571,4.18038890496404,4.25526437673268,4.2926754862592,4.17299958317034,4.26025239973352,4.20817811227006,0.614082103628105,0.653324502755446,0.631765880216397,0.635207317681558,0.63926010274115,0.641357882251337,1.63418062921738,1.60497154354359,1.41263287987942,2.0320167979055,2.29210414485113,1.87693804222131,14,3,4.22829314385497,0.635832964878999,0.394703244023062,0.0593538161513881,2.06701966165931,1.5505950175468,0.192952413221889,2.72688425798283,0.84872429923022,0.128571428571429
AE320,Alo,Alo21,156.797661997138,22.0898071133224,2.34646679424692,21.2098495886975,13.2088110087773,10.7442497240075,6.38282266624977,6.36597489860846,6.0949730276684,5.37714670144201,6.14624061451161,5.92891663724927,0.779001376162319,0.955665744540745,0.940212138328987,0.658654210251126,0.879531161041551,0.956425275713553,1.2502985963424,1.27234584651434,1.30334056451738,2.89171819298859,3.01291472554455,3.17968794861047,20.9954537367151,7.83389819059774,6.04934575762159,0.86158165100638,0.563031008494211,0.0801900247237569,3.02810695571454,1.27532833579137,0.281835124229138,4.74336340521112,0.813415357133043,0.477045167148217
AE337,Alo,Alo24,165,15,5,25,10.8699219379845,10.1516762083333,6.21672040601428,6.13278552591734,7.14676413521413,6.59270936747741,6.71750407668526,6.81116230584585,0.815824491196856,0.455239624975186,0.789489231616913,0.65222016048049,0.655708417706573,0.704054757699459,0.977061652284498,0.763058760321841,1.09275601143386,2.48274462620291,2.27123785491273,3.01671461103925,15,4,6.60294096952571,0.678756113945913,0.6504286419326,0.0668614817904393,2.59023236405163,0.944292141346733,0.25515316987015,6.99247688338136,0.933923561388116,0.16
AE339,Alo,Alo25,120,11,4,12,10.908151031746,10.1849398580956,6.27369254386942,6.18059201042732,6.11858119562647,6.10940613625784,6.86777574462388,6.26211897198109,0.637780056297514,0.563923511880683,0.540356602953655,0.608584974011425,0.722280541333281,0.534089034555054,0.834022741887031,0.901519379233401,1.15668869716886,2.24213168290662,2.22354798012457,3.28974973527674,14,10,6.302027767131,0.601169120171935,0.618759448257495,0.059025298975535,2.58514313276931,0.964076939429764,0.253820166715514,6.53685147874043,0.933699930304812,0.535714285714286
PI598388,Amu,Amu01,290,19,1,8,9.97246689573051,5.98234585914943,4.81157543489916,4.87717134875231,4.80818307016185,4.94688744443253,4.67163598184866,4.71434526767117,0.657261054521329,0.636835078816047,0.56889902329151,0.5175557011945,0.590817545311983,0.739953385006203,0.697594624763255,0.428580609964376,0.931724102340338,2.41649448147315,1.23809001394933,1.75742674377093,20,0,4.80496642462761,0.618553631356929,0.803191011980505,0.103396501292367,1.8040037463978,0.685966445689323,0.30155457221497,7.00466685334606,0.59988625900685,0
PI560121,Amu,Amu02,230,15,7,36,9.26774880952381,5.78737625,4.10711489950163,4.08215200113833,4.22021983466312,3.98932673335511,4.21255871814199,4.09844558770331,0.745347862570464,0.809611556293162,0.907908081599028,0.8020222464251,0.811933037556975,0.885601884313282,0.624238530877063,1.1862287012474,0.526881338349068,1.56297969652683,2.61015690341432,1.34596882326316,16,0,4.11830296241725,0.827070778126335,0.711601040699099,0.142909453679694,1.83970180773477,0.779116190157844,0.317881839414669,5.28586495113509,0.624464081725297,0
PI560122,Amu,Amu03,155,13,5,24,8.71392988888889,5.3166882,4.8105939732907,4.71466546191611,4.7803709275205,4.82656390616917,4.92360795376239,4.76396797048598,0.583695797216875,0.525221088242082,0.587640949999751,0.551511759518584,0.521658754944967,0.592387759658487,0.554740397376539,0.668245837744243,0.689699375743519,1.73893600742784,1.75631348725762,1.86798705996381,20,0,4.80329503219081,0.560352684930124,0.903437412822292,0.105395062462027,1.78774551821642,0.6375618702881,0.336251713654455,7.53384927178958,0.610136674014247,0
PI560124,Amu,Amu04,260,12,9,39,11.6421920833333,6.60183602272727,5.05638129371291,4.87972956660195,5.11080905636967,4.98441454806426,4.96815900693299,5.00463935016049,0.599002806774562,0.620137729365343,0.644854769610648,0.721500106008154,0.635511440764947,0.80208456993073,1.08824898705193,0.927913694148626,0.805655353606758,2.51272531345791,2.0664983530858,1.8928801211677,16,0,5.00068880364038,0.670515237075731,0.757469404939045,0.101564963862695,2.15736792923714,0.940606011602438,0.326783022451671,5.31645422414544,0.567061252337376,0
AE367,Amu,Amu25,251,20,4.86188151746822,2,11.3325933333333,7.05853757352941,4.87629203661883,4.70354015794187,4.48284874550697,4.73948866106788,4.72452450358089,4.24416255728416,0.593091464560794,0.763558110745017,0.496119608317537,0.544468747474355,0.763949638518108,0.779003452371205,0.801774702769889,0.73872763778373,0.61182662773308,2.61363889362608,2.4879128964896,1.4790585535813,20,0,4.62847611033343,0.656698503664503,0.655727346085246,0.0930360569485699,2.19353678123233,0.7174429894289,0.310763633172178,6.45135039094577,0.62285280746532,0
AE374,Amu,Amu26,120.827526562931,23.3296213119355,2.45088390470497,23.4869038835009,11.8416337295866,9.97058870432518,3.7837713567673,4.1884957917848,4.34045143833477,3.98143818899429,4.6535151617015,3.83691170765405,0.614588538881835,0.629888981211742,0.830003453184524,0.770198312438022,0.911837323113262,0.85030388836107,1.31866495401381,1.35984314774762,1.25823343772447,2.79626717158632,2.95497139025432,2.78452244691893,23.361397644531,17.212172266769,4.13076394087278,0.767803416198409,0.414294889035076,0.0770068286805713,2.84525366958652,1.31224717982863,0.285364661401815,3.14785507210023,0.841994350780623,0.9018522169494
PI599130,Ase,Ase01,130,12,5,14,11.3902681333333,8.7981144,4.56662136237315,4.54995822452133,4.61103065284412,4.56679408305549,4.65423833312852,4.55504720727476,0.585791142823728,0.577320882943856,0.591555240738503,0.583419170667738,0.570803072942887,0.601190248487554,0.957400213896093,0.983666129984884,0.995024689612279,2.04864165223366,2.09822835854516,2.186616990879,11,15,4.5839483105329,0.585013293100711,0.521014856380237,0.0664930309499853,2.11116233388594,0.978697011164418,0.239956226743987,4.6837256661069,0.772423818035729,0.818181818181818
PI599143,Ase,Ase05,67,7,4.14529532061187,0,9.85170441176471,8.7806027027027,3.98549145303859,3.69593646048075,3.68785418748298,3.27016714134232,3.75870236887427,3.75402894748174,0.372315553254362,0.410152007612147,0.436229351920249,0.353433014176826,0.455972939758326,0.556803042792388,0.750587997287162,1.1326815763833,0.945861687954886,1.64555583435115,1.66133311523403,1.81331968411794,11,16,3.69203009311678,0.430817651585716,0.420475702878614,0.0490647016124655,1.70673621123437,0.943043753875116,0.194375747203439,3.9150146299635,0.891277522721559,1.0526720115546
PI599176,Ase,Ase06,128,12,4,20,11.8805830864198,10.6412401923077,3.0898911989715,3.16060474618971,3.46936523211677,3.0147868795451,3.17287860038161,3.20440944200729,0.522625593417587,0.435896347060609,0.33428402346322,0.439480423770321,0.453709705492647,0.378410188286117,1.10548667749613,1.10475411617642,1.03788839221365,1.95203949223185,2.01993506440384,1.90431763705686,11,17,3.185322683202,0.427401046915084,0.299337542019265,0.0401645897650202,1.95876406456418,1.08270972862873,0.184072911537146,2.94199137495167,0.895683327569272,1.15909090909091
AE1072,Ase,Ase21,103,12,4,16,9.40648943089431,8.85778737804878,4.01086494746083,3.83570150047582,4.02045549661222,4.1383566528979,3.95373490512876,3.78994965314418,0.495731718478907,0.459014675636775,0.459897045455811,0.405130927992115,0.395574503330043,0.45739756042738,0.89182745157747,1.19080038084548,0.786994990280276,1.16853011066561,2.18484590853565,2.09115928069082,11,16,3.95817719261995,0.445457738553505,0.446858456145497,0.050289956119,1.81484509996403,0.956540940901075,0.20488695681063,4.13801126890742,0.941667711756163,1.09090909090909
AE641,Ase,Ase25,47.8526894390982,6.0922433645742,3.77985027837151,7.72434657122415,9.75793129543793,7.94339896875229,3.2332809374969,3.40770607321518,3.15576050975979,3.15016808803278,3.2937084637398,3.0434366157468,0.409112297247112,0.400020728960208,0.375389216407359,0.464882894725985,0.471835135072974,0.271699500614976,1.09111181897544,1.05110398404099,1.02390469154525,1.69996838538129,1.73046288663157,1.70281270040111,6.10471879539339,9.9532211945668,3.21401011466521,0.398823295504769,0.404613960259137,0.0502081410078555,1.71108132413799,1.05537349818723,0.215409213470082,3.04537694018827,0.814045388131194,1.29403090681327
KU-4-7,Ase,Ase27,50.5257112314634,10.3439896097109,4.91036642477913,16.1173839707181,8.39556743393439,6.91343804385887,2.27173990494172,2.2777302330459,2.34331123366616,2.31428204250832,2.16570810926631,2.13912418990075,0.36149625068163,0.38837008652166,0.389981191915227,0.392529738064384,0.368124541724542,0.385033745408366,0.78294773320097,1.12727068180022,0.814396319414276,1.70926732283014,1.54506604768145,1.08416869863632,11.7837192033167,19.1644449122175,2.25198261888819,0.380922592385968,0.325739900264038,0.0550988654225864,1.44616735638264,0.908204911471822,0.209182080928208,2.47959748999669,0.823462868741326,0.993622032072379
AE679,Ase,Ase28,73,7,2,6,10.5390344957818,9.465133625,4.09304672156255,4.18782329268308,4.11351027443941,3.7320493953162,4.27863967781353,4.56610535063538,0.336555257319748,0.384054511898324,0.285444351941753,0.353822316520052,0.386173182477704,0.405269565773268,0.818852608524942,0.774828952774352,0.607467733158067,1.57350323675068,1.69412143266527,1.61476415713283,12,16,4.16186245207502,0.358553197655141,0.439704563819618,0.037881472344786,1.62746294218293,0.733716431485787,0.171942944142315,5.67230373135734,0.898102537645965,2
PI584363,Ash,Ash02,135,15,6,35,11.5794561111111,9.53660245121653,4.47395565625089,4.47278037457911,4.50169925047346,4.48630125626352,4.60402694771692,4.47508327810084,0.64313925364209,0.626261434007735,0.664520329736089,0.626674927218034,0.612950352881569,0.666453705353747,0.850172892574806,0.944763808317696,0.904950562540885,2.1812298279458,2.26116751120946,2.23113352571238,14,22,4.50230779389746,0.640000000473211,0.472108155596139,0.0671098542428566,2.22451028828921,0.899962421144462,0.233260251716317,5.00277310265019,0.82357948073793,0.785714285714286
AE1203,Ash,Ash20,120,14,2,6,11.1462444,8.56586560498995,5.21485463197315,4.76811813228582,4.85332656443378,5.5651155821168,4.71024091110807,5.44394081170493,0.751077043595621,0.954426128900226,0.723849779408012,0.822588778270203,0.729109432869691,0.890232885306959,1.33796758817629,1.30839494847508,1.3331754332086,2.65609891199351,2.75744502361709,2.89538746580205,13,5,5.09259943893709,0.811880674725119,0.594522453862743,0.0947809260808583,2.76964380047088,1.32651265661999,0.323334958565945,3.83908846517397,0.768497917109188,0.576923076923077
AE134,Ash,Ash22,137,13,3,5,12.5759428455285,10.5198546581197,6.45173880481573,6.22353413313775,6.13935786070724,5.32921105883178,6.96432605314134,6.46298577071753,0.886766337434048,0.754916155622485,0.688890337951914,0.75043864444119,0.673721133541092,0.643581041993655,1.16557755606897,0.986777498014969,1.20502075563125,2.65251104776559,2.00850355041795,3.61675611201423,9,3,6.26185894689189,0.733052275164064,0.59524196392378,0.0696827379262565,2.75925690339926,1.11912526990506,0.262290401633024,5.59531548011877,0.836506239519062,0.333333333333333
AE317,Ash,Ash24,149.309081338445,22.2386619361492,1.67465800965445,19.5083400115615,13.5914611463383,11.1813512086662,5.69473135864806,6.14315281479885,5.48969658309068,5.78343473865762,5.74671401761107,6.24333208167438,0.959825521485702,0.835459578990596,0.80639882245957,0.902064027322305,0.967031433332895,0.807930218908844,1.38904103894084,1.38487316026679,1.40733113353498,3.01516773466556,3.15079548976713,3.29768432710878,20.8582513683978,7.55399990649764,5.85017693241344,0.879784933749985,0.523208405069973,0.078683239380595,3.15454918384715,1.39374844424754,0.282125936747448,4.19744104939386,0.822674699083299,0.648775142762143
AE318,Ash,Ash25,109,11,4,19,11.9565400793651,9.98396094017094,6.27289011072269,5.55254265935015,6.25702727179743,6.12122211056519,6.44812055117521,6.35246074631381,0.719306202489052,0.522996339787797,0.652257409099093,0.711050286356512,0.422207575755826,0.730871718928523,0.767533017067139,0.624819364210347,0.800645044339177,0.687420827001639,1.09092732017375,1.50634680666135,13,6,6.16737724165408,0.6264482554028,0.61772850260655,0.0627454633643704,1.09489831794558,0.730999141872221,0.109665725307498,8.43691447551951,0.835020906876021,0.346153846153846
AE409,Ash,Ash28,119.080881790036,10.3871275744362,3.41484082094541,10.8393082400046,12.0175144068221,9.43990702313218,5.71397409836622,5.67339872697461,5.7552271269594,5.68617156732883,5.86301238388121,5.74905769612603,0.650217056783267,0.629653598722339,0.634248205123104,0.641278484892356,0.634453932953288,0.656010553562802,0.974874671066975,0.999753031982389,1.16628711950264,1.84745785231449,2.08413240458725,3.13926941351961,9.1191427144559,1.03125550997993,5.74014026660605,0.640976972006193,0.608071695255051,0.0679007717380584,2.35695322347378,1.04697160751733,0.24967970740582,5.48261311518996,0.785512436562866,0.0993488993122527
PI584345,Ash,Ash31,114,13,6,22,9.99768708333333,8.21557551282051,5.01515950304942,4.91669252795419,4.50692241700174,5.23174345680412,4.99786302299471,5.1649933469025,0.722362277556133,0.515564194905524,0.610403209866332,0.616036481181885,0.512403369846776,0.53314662585399,0.868615972023756,1.41728259369462,0.615346702889716,1.47186312913661,1.94187376976775,1.5402187864035,11,18,4.97222904578445,0.584986026535107,0.605219809376132,0.0712045097293827,1.65131856176929,0.967081756202697,0.200998525202815,5.14147745409674,0.821747614657425,0.818181818181818
PI449338,Asp,Asp03,125,10,1,12,12.4578860559986,10.1277408670586,5.14443584076168,5.18216032558485,5.24162369207068,5.11646008186901,5.27130029414188,5.199849575449,0.655640286549774,0.676519267857667,0.653553370691706,0.667683289722666,0.672957111464959,0.672830083811348,1.3065125687795,1.24934602569905,1.3043111343776,2.42765786048345,2.49713776303309,2.70097789757397,11.1743896242883,3.85348920603764,5.19263830164618,0.666530568349687,0.512714372317296,0.0658123639910296,2.54192450703017,1.28672324295205,0.250986329567141,4.03555180190345,0.81295821951927,1.034550253464
PI499261,Asp,Asp06,75,14,3,17,9.25526212501144,7.19142418803419,5.108940585685,5.03162191993658,4.65357647203038,4.78286340654346,5.02641357465087,4.1108815780772,0.435207933156639,0.508557659787321,0.491654317329101,0.713329203270933,0.646180434425631,0.486010293100629,1.00253484596464,0.973945108145894,1.4945951102636,2.43968268317093,2.59765674215607,2.78837094809198,13,2,4.78571625615391,0.546823306845042,0.665475451179318,0.0760382495243295,2.60857012447299,1.15702502145804,0.362733452549412,4.13622537749712,0.777009239813972,0.153846153846154
PI554305,Asp,Asp13,93,14,6,30,11.3675755797101,8.27649608695652,5.76958046073312,6.25775846397643,5.80805013026652,6.13894952195377,6.4232625800386,5.97133697231935,0.657964657255085,0.621638262619261,0.895961116877703,0.691454680781967,0.631039660521104,0.620084916036468,0.666529275868691,0.614673853550429,1.13160540258236,2.11146001712033,1.77068839402379,2.87114223149579,13,15,6.06148968821463,0.686357215681931,0.7323738964569,0.0829284770355425,2.25109688087997,0.80426951066716,0.271986702733736,7.5366399046838,0.728079266235905,0.576923076923077
KU-7730,Asp,Asp31,72,9,3,9,11.7879503225806,8.8333853715127,5.50410183985214,5.24694457389706,5.95524534010375,4.95836833695851,6.43603250602453,5.08732764706263,0.712120162608595,0.651569048374516,0.558448355948556,0.505116846877553,0.816930932482396,0.790263415032997,1.12629417178496,1.12736595738586,0.655734783862325,2.88902465049082,2.84195047774544,2.08747669429065,7,0,5.53133670731644,0.672408126887436,0.626185372275817,0.0761212263031028,2.60615060750897,0.969798304344382,0.295034179751027,5.70359494601903,0.749357193556522,0
KU-7805,Asp,Asp34,70,9,2,10,13.8894625333333,7.55301053571429,4.52107761582173,5.22264415193867,6.25506778195395,6.32253608068968,5.78471519433418,5.6887824446775,0.71864615681901,0.790599247860759,0.710746884190372,0.845875454854428,0.529128146587063,0.823041757990969,1.26613697938045,1.20191461362681,1.30067179839707,2.40322838560493,2.45511168890512,2.76831779631902,5,0,5.63247054490262,0.736339608050434,0.745725233437657,0.0974895512946346,2.54221929027635,1.25624113046811,0.336583575285048,4.48359029830826,0.543794298561793,0
KU-7845B,Asp,Asp35,78,9,5,13,11.229327,7.88065910027861,5.19100264913783,4.99987953411211,5.15377942477121,5.50656701576667,5.46717520084395,5.42373456757114,0.528859978541334,0.49504063520072,0.574335971999436,0.513911252598056,0.535028748594458,0.455569228442886,0.611443881420657,1.19600356505422,1.0661080872522,2.81820832566692,2.19002580883005,2.82625944225298,5,0,5.29035639870049,0.517124302562815,0.6713088754865,0.0656194229419888,2.61149785891665,0.957851844575692,0.331380640335568,5.52314685059045,0.701792645300881,0
KU-2227,Asp,Asp37,80,16,3,12,9.30467135802469,7.45132946428571,3.80088263068233,3.81236652323185,3.87303494824663,3.81000043427868,3.82347532048128,3.7619029672844,0.518955377311401,0.534347304078735,0.532395494184923,0.534413651797303,0.52274584898499,0.53874627437059,1.04958260734277,1.05915247405543,1.02483390199178,1.99983336051325,2.06081696652137,2.03025371306311,14,4,3.81361047070086,0.530267325121324,0.511802690913015,0.0711641228136401,2.03030134669924,1.04452299446333,0.272475047094682,3.6510545875156,0.800815974855405,0.285714285714286
KU-5725B,Asp,Asp38,137.078660895225,17.5871739575506,1.52548995544666,13.657614841504,13.7509471997434,11.2056084109582,6.19125826612527,5.92447206173412,6.12154808350846,5.9716775393597,6.00751755067733,6.11692688238101,0.912948511303589,0.918781762493191,0.920172283481208,0.640304326746005,0.904047788587939,0.749570796710806,1.40350137888782,1.35511476303483,1.43226047899618,2.85084309069338,2.95197793088322,3.22741954059245,13,0,6.05556673063098,0.84097091155379,0.540404992620402,0.0750491076175201,3.01008018738968,1.39695887363961,0.268622646535289,4.33482104942283,0.814897202948119,0
PI508263,Ata,Ata14,76,10,3,8,7.39075208333333,5.77025464539007,2.1077857039188,2.25599929999821,2.20994341626736,2.12513240551675,1.82209437992403,1.84776481193783,0.37220771138126,0.459741990303288,0.37344231705422,0.36709995631366,0.36715081726142,0.384467909287455,0.964605066917607,0.990245178034988,0.921264379448981,1.60571038688666,1.38324519555472,1.13036545364133,8,24,2.0614533362605,0.387351783600217,0.357255175541935,0.0671290623039795,1.37310701202757,0.958704874800525,0.237962983682975,2.15024810079266,0.780739846273886,3
PI603225,Ata,Ata22,96,10,7,25,10.0932991025641,7.59024967948718,1.9390764883826,2.02718344390673,1.96609954911307,1.96501641523095,2.08611057636926,1.96329372274012,0.460769887723323,0.469756637338601,0.476402103443992,0.391233860006783,0.483074130653859,0.498178835577141,0.924364087538534,0.986684697147393,0.850703349526562,1.77119064369672,1.84652356075688,1.55573216918433,9,14,1.99113003262379,0.46323590912395,0.262327343197268,0.0610303914475772,1.72448212454598,0.920584044737496,0.22719702214888,2.1628986989358,0.752008793394318,0.666666666666667
PI603230,Ata,Ata23,74,9,3,7,8.31370717948718,6.8346822,3.12005054811245,3.11617228716177,3.19602065458716,3.14010066111617,3.05985521202366,3.0269537462653,0.412863124938562,0.43516422585461,0.425482995829488,0.441346374429088,0.423028671860564,0.430007839285357,1.01583808828833,1.01195128145261,0.95956912748898,1.72487897299603,1.76655903853258,1.67947981485176,10,11,3.10985885154442,0.427982205366278,0.455011478301715,0.0626191815277495,1.72363927546012,0.995786165743307,0.252190112871689,3.12301873487372,0.822098018662908,1.1
KU-2061,Ata,Ata30,67,7,7,14,8.80405288888889,7.36891118055556,1.84193724280169,1.73080909584688,2.19127780163508,2.11286440063716,1.61966438153781,2.03089638200265,0.36266251578347,0.436355278912173,0.416184157271277,0.377342561629212,0.339039468520515,0.355896760845253,0.964830434519776,1.00696300330419,1.21702823423372,1.22705166083341,1.33234566786157,1.22194921676506,6,16,1.92124155074354,0.38124679049365,0.260722582165619,0.0517371944310648,1.26044884848668,1.06294055735256,0.171049537387917,1.80747788524387,0.836990789759505,1.14285714285714
AE26,Ata,Ata32,58,7,0,0,7.55867755555556,7.1349780421939,2.42251152171895,2.44622147818109,2.53990039529282,2.44365794489331,2.27957957004531,2.30178044430598,0.324550463843349,0.378258935262296,0.337381136762008,0.379269724655295,0.364174968907874,0.342884268068078,1.24031683578173,1.07714915480634,1.05728198649509,1.46141937669868,1.68319594407175,1.36802718842457,5.19413301793995,12.3399256021296,2.40560855907291,0.354419916249817,0.337157107540757,0.0496735819162855,1.50421416973167,1.12491599236105,0.210822536640792,2.13847840675093,0.943945285369364,2.37574308542135
PI574469,Ata,Ata33,32.7944220800747,10.7045734446611,3.77154318432731,13.4304646149776,8.87242490922313,7.56026965752857,1.81768432819655,1.92603616647123,1.72605805249184,1.80060662897211,1.61939479587311,1.72196825392271,0.367882489375374,0.455935763401711,0.372561280070802,0.427085341379702,0.40155348530759,0.294943175509779,1.16317341750598,1.16361694951001,1.00533197375024,1.80902122218413,1.89556656351301,1.54364446830768,11.7961673537245,19.8616125125953,1.76862470432126,0.386660255840826,0.233936722423657,0.0511437122425637,1.74941075133494,1.11070744692208,0.231395284901361,1.5923407277248,0.852108610090287,1.33929346418667
KU-2112,Ata,Ata34,91,10,5,17,10.6769433333333,6.89891928571429,4.51366665748495,4.45015040407982,4.53590315470365,4.51755568468867,4.56481721925656,4.46395275645145,0.522626673183318,0.499172110812294,0.519164886218922,0.518786523909358,0.49732752733407,0.530186972499691,0.830379770343874,0.854204691260734,0.891278484293255,1.76258353160246,1.77654644072045,1.91995135863585,9,2,4.50767431277752,0.514544115659609,0.653388469424716,0.0745832925926651,1.81969377698625,0.858620981965955,0.263765048064024,5.24990002277425,0.646151156780606,0.133333333333333
KU-2008,Ata,Ata36,31.469710814619,7.40717228988959,5.055073760784,13.2799052217227,7.90475347939855,6.51805747054104,1.58497996255554,1.58140942866135,1.64351017514149,1.40443709623023,1.51145041089887,1.46925919041376,0.356884086348884,0.271402682941741,0.396136226258216,0.326546263511599,0.271283467099485,0.35360253831303,1.0578861708107,0.654068246697981,1.02272777933151,1.43599686818581,0.8392106965694,1.56859001382568,8.94171634206808,19.0111159376214,1.53250771065021,0.329309210745493,0.235117244298093,0.0505226000589648,1.28126585952696,0.911560732280064,0.196571734035449,1.68119101271177,0.824574414310132,1.2617708197097
CIae66,Aum,Aum01,37,7,0,0,10.5549112820513,8.70148564102564,2.91432230361472,3.39315804571592,3.86862029084046,3.23306063254015,3.12377581233776,2.74612113950091,0.567484931246274,0.721121104962342,0.521120772977496,0.751584791174456,0.769827893405842,0.674898356345053,1.70293658367929,1.57043784698257,1.52769770860605,2.52510138009502,2.63768121825551,2.59022258577878,4,2,3.21317637075832,0.667672975018577,0.369267559968022,0.0767309172896456,2.58433506137644,1.60035737975597,0.29699929046505,2.00778676775826,0.824401589790961,0.5
PI554282,Aum,Aum04,25,4,0,0,9.05924333333333,6.24135049382716,3.01983588518829,2.98580578571076,3.17647091794977,2.92931052997864,3.00809401664722,2.76077819037216,0.521476431008959,0.469034334923176,0.445638817673607,0.439837472811855,0.546393033039784,0.43347316706569,1.35499309987783,1.25639444926315,1.2295215706999,1.91416624761849,1.96438516281819,1.93930442024207,4,0,2.98004922097447,0.475975542753845,0.477468654247476,0.076261626906644,1.93928527689292,1.28030303994696,0.310715650212388,2.32761239174901,0.688948322081406,0
AE714,Aum,Aum23,21,4,8,8,9.35764452991453,7.63294583333333,2.13585768655667,2.38746078339972,2.16567623593145,2.20603016637348,2.4035935844705,1.86561183775334,0.329423459961338,0.458587115579453,0.379920449841278,0.303494135898281,0.437013576122533,0.315869720152142,0.66374339015224,1.02966537136236,0.818086312419646,1.8096100305398,1.81555107121918,1.45065563839274,4,9,2.19403838241419,0.370718076259171,0.287443200871773,0.0485681523691983,1.69193891338391,0.837165024644749,0.2216626385576,2.62079556338995,0.815690936851931,0.84375
KU-4009,Aum,Aum26,77.7135370520584,5.46358635286629,5.32100874883917,11.1131183634959,9.31394736555876,7.1780233530787,4.03112821081246,3.93558354249156,4.04471420930697,4.04452709012698,4.01125417950768,3.92760670513435,0.423875670141118,0.39756623633751,0.416040153005082,0.427497977236771,0.397345282812376,0.426223041813272,0.797000392853693,0.698799736655311,0.757434928210593,1.32926072563367,1.18116994432243,1.81930464952502,5.78561395042486,7.62350144616167,3.99913565623,0.414758060224355,0.557136060934484,0.0577816537816727,1.44324510649371,0.751078352573199,0.201064420593546,5.32452525429463,0.770674674372939,0.742903350629762
KU-4049,Aum,Aum27,25,4,3,3,10.747014017094,7.82558829166667,2.61314231589163,2.84679880126466,2.83996763699758,3.00703148269761,2.35441421634283,2.41066836109751,0.42572469231883,0.493469945435399,0.511026989578165,0.464654083020485,0.377447300308467,0.438084510686735,0.501185582660216,0.820399884724804,0.608281096739804,1.46491618812182,1.76998266968742,2.14070398973958,4,4,2.67867046904864,0.451734586891347,0.342296370472378,0.0577253198168361,1.79186761584961,0.643288854708275,0.228975451948799,4.16402437170062,0.728163960633106,1
KU-5901,Aum,Aum30,70.3752489131841,10.1222327162403,5.81411397312279,18.2492331153936,8.1975252745774,6.50331782203457,2.83408781392176,2.78601743672084,2.86043179527406,2.87599901877251,2.76759223147489,2.69906777273993,0.386929497244397,0.379933560605291,0.407053890755075,0.397571688319027,0.365270430862064,0.403399178706854,0.744260786149221,0.677490763690112,0.689853815045013,1.32527941475553,1.74615413767779,1.04117042286001,11.7110619735948,17.5498489521993,2.803866011484,0.390026374415451,0.43114393117678,0.0599734451073515,1.37086799176444,0.703868454961449,0.210795170907942,3.98350855436129,0.793326962004376,0.773240899769901
AE820,Aum,Aum31,18,5,5,5,9.26945079365079,7.66804808943089,3.26511438843332,3.4413717479259,3.41879625347506,3.21878032808957,3.04297877978492,3.3431187134918,0.408619019212224,0.613447960551313,0.410805217558275,0.424563544893603,0.450705817813968,0.546707007486399,1.19362170565674,1.06401084117192,0.996453043087968,2.03302756694451,2.16985140854682,1.62719510171771,6,3,3.28836003520009,0.475808094585964,0.428839255681318,0.0620507447314767,1.94335802573635,1.08469519663888,0.253435816138782,3.03159822721597,0.8272386638789,0.3
PI276996,Aun,Aun01,33,5,6,6,9.07914583333333,8.11138991869919,2.96942165808794,3.03691650201274,3.24584812442667,3.39357853512826,3.64005610814246,3.41488940061035,0.353938065298121,0.370900091490647,0.400219597869669,0.473447084891815,0.46663551137313,0.37650498459019,1.21141721210708,0.918657646577329,0.767697935205451,1.58448103238296,1.77043332090781,1.19317017590987,5,4,3.2834517214014,0.406940889252262,0.404795202093794,0.0501690700768978,1.51602817640021,0.965924264629953,0.18690115893767,3.39928485248199,0.893408924980464,0.4
PI554418,Aun,Aun02,39,5,3,9,10.0570601282051,9.02572519230769,3.87772996691283,3.8694674318892,3.96908548712814,3.87318039260443,3.84624940180935,3.82070732688333,0.445885600061447,0.471110502437706,0.4408435383145,0.478371150983904,0.4675222969088,0.456144961655134,1.17085008669386,1.09989047299881,1.12511327847797,1.82672231621341,1.85063547630743,1.95711520669452,3,1,3.87607000120454,0.459979675060248,0.429446932918807,0.050963181933821,1.87815766640512,1.13195127939021,0.20808939186469,3.42423748422511,0.897451648617967,0.333333333333333
PI554421,Aun,Aun05,46,5,2,4,9.77083807692308,9.31709730769231,3.68884796213228,3.49278442375256,3.45296138518041,3.45850642076563,3.30242011484186,2.42618936470905,0.526190661379571,0.561380069279518,0.426830813015491,0.374297829981679,0.494032547527374,0.576748798599131,1.32454504970702,1.24439254636023,1.21882329190533,1.99766146667826,2.05522906233888,2.03810467027309,4,10,3.30361827856363,0.493246786630461,0.354575912375212,0.0529399629886048,2.03033173309674,1.26258696265752,0.217914621479855,2.61654711815659,0.953561734862599,3.75
AE157,Aun,Aun21,57.1598477346516,4.64415331443769,4.09420660390464,6.79038123145756,9.88782929020273,7.87913504763671,3.98519820585164,3.71798866906701,3.55762455656565,3.91793758979149,3.63586418461791,3.6979357052292,0.416230534916651,0.412319406292754,0.30801001935587,0.47259454460703,0.397993627851909,0.395524240534232,1.00231679854598,0.962228355172082,0.982127509370193,1.61430715011553,1.6203610724936,1.70900954406382,4.43521478158704,6.85452096194203,3.75209148518715,0.400445395593074,0.476206012779609,0.0508235222739563,1.64789258889099,0.982224221029419,0.209146382049291,3.81999486965896,0.79685184850872,1.13243674591142
AE576,Aun,Aun23,40,6,2,2,10.8072747368421,8.78969103174603,3.56705758750567,3.88878174590668,3.72173575640407,4.08426176063502,3.73960258454632,3.58042195775391,0.403863867283347,0.510160872056329,0.462477491214497,0.493535819700835,0.358335833244473,0.39591594473903,1.11558903426795,0.906708829569894,0.928905674683132,1.38523922983218,1.34221868747668,1.474787049299,4,7,3.76364356545861,0.437381638039752,0.42818838021329,0.0497607522790102,1.40074832220262,0.983734512840325,0.159362634834773,3.82587325780803,0.813312444235538,2.625
KU-19-3,Aun,Aun25,34,4,3.00642643213243,0,11.5421960162602,8.99723398373984,3.57903386106849,3.97434492662483,3.31142619374759,3.19530819284751,3.32390950424247,2.85582303448668,0.372993385874366,0.397718650091229,0.279844506121047,0.351215073663724,0.422717855331252,0.374649076661793,1.38946470249436,1.05044616103873,1.15331027689037,1.71900100009988,1.45317886584605,1.49060943601765,4,2,3.37330761883626,0.366523091290568,0.374927185947663,0.0407373079274101,1.55426310065453,1.19774038014115,0.172748991908341,2.81639299698547,0.779507987133894,0.498931217464072
PI306526,Tmo,Tmo02,94.5542776038722,18.4066289693264,3.59024107771558,21.2980205524162,10.3511791915573,8.64080989548643,3.38304274729436,3.45885112768159,3.47634100818038,3.40222189548058,3.43187638777665,3.37040106303397,0.576836584104815,0.611165990346674,0.612833932681103,0.59290803163127,0.58829966279613,0.61094648495823,1.05501787676503,1.21424952702697,1.0548557202158,1.98002029417904,3.01991186632448,1.99274464073258,19.1133379129534,18.4935766531333,3.42045570490792,0.59883178108637,0.395848970904292,0.0693027376287,2.3308922670787,1.10804104133593,0.269753911412431,3.08693954222488,0.834765753309936,0.808503709636864
PI374575,Tmo,Tmo03,60,22,2,17,12.3768278364228,8.54636333333333,3.10009945941424,3.24550954857527,3.24454277848518,3.1135023453088,3.1446505489273,3.11813844686721,0.600289908360748,0.670536763333984,0.645450006774557,0.633822659232612,0.641911406978423,0.643490660758065,1.39176197714657,1.40641419019475,1.25666627159517,2.5988770445136,2.755990097214,2.4542876837698,25,21,3.16107385459633,0.639250234239732,0.369873562743023,0.0747979239013239,2.60305160849913,1.35161414631217,0.304580030940934,2.33873984170794,0.690513227321698,1.26
PI427445,Tmo,Tmo04,57,19,3,20,11.2416899122807,11.1765806086307,5.11037788312536,5.53370979282676,5.36546506828756,4.93064041333296,5.64655285399475,5.25359175495121,0.72048939196781,0.529912097743317,0.727257074724432,0.567675203809605,0.625396319495942,0.566815446855523,0.878393480990864,1.19537778002171,1.00509456180853,2.2128330803646,2.87942191509304,2.28441361838979,16,15,5.30672296108643,0.622924255766105,0.474807380442325,0.0557347794982192,2.45888953794914,1.02628860760703,0.220003740325584,5.17079008940765,0.994208228108225,0.9375
PI427446,Tmo,Tmo05,65,27,2,23,8.89513692307692,7.27688611111111,2.08891668832535,2.22626619019208,2.2173131521304,2.13085233054045,2.06750327410888,2.04540132681661,0.517272431956508,0.585609400506614,0.577860368574518,0.552085706394661,0.549165123435195,0.564995657074259,1.2130095576732,1.28621364675513,1.05794624136909,2.35244005050313,2.51416477113123,2.01078148154358,22.8190771239887,26.6653949484654,2.12937549368563,0.557831447990293,0.292621797451835,0.0766579879735286,2.29246210105931,1.18572314859914,0.315033390114343,1.79584542665069,0.818074659675273,1.75283567365
PI119423,Tmo,Tmo09,94.2385201794667,19.2650847226503,2.38052410691445,18.7649074848578,11.412015207111,9.65180617145478,3.53560345420721,3.65735888132909,3.72148935542466,3.75099233585666,3.58963586510045,3.56469739778433,0.59954575886051,0.764195846851278,0.596536146423901,0.668144445952939,0.690182964498574,0.735511990187742,1.35446725572502,1.36140934863933,1.25891517046728,2.58907359682091,2.72874021802306,2.54561050131108,19.2368211233436,16.236000048189,3.63662954828373,0.675686192129157,0.376782281334976,0.0700061916004384,2.62114143871835,1.32493059161054,0.271570045249186,2.74476985535006,0.845758264100509,1.06363937997585
PI191381,Tmo,Tmo10,69,32,5.18330055918929,23,7.82929388888889,6.98196193618158,3.82142499626273,3.82318144324233,3.45797274584945,3.75152021966262,3.68647682357814,3.56019256244975,0.750517403709733,0.481566701847668,0.674092768743457,0.50922770128995,0.381509160682639,0.564530202456367,0.750662383660754,1.18410912574009,0.977354248908536,1.824175280936,2.54471264566122,2.06164005971283,35,31,3.68346146517417,0.560240656454969,0.527568253571524,0.0802411502061788,2.14350932877002,0.970708586103127,0.307006733689284,3.79461098614703,0.891774154255492,0.512635303857135
PI355535,Tmo,Tmo13,78,31,1,15,8.43670925,7.22977256383913,3.03913625130041,2.97781503416969,3.0536781224903,3.21392318170693,3.26221526232824,3.12124407321366,0.54729559973437,0.350625599879505,0.367464491682631,0.505331124272448,0.380802449956455,0.558635234023247,1.01939362990642,1.09877975925444,0.940274626197531,2.10905246797496,2.22374108572498,1.88920923135046,33,17,3.1113353208682,0.451692416591443,0.430350373181869,0.0624767117641646,2.07400092835013,1.01948267178613,0.286869456824075,3.05187661053342,0.856942244849688,1.54545454545455
PI393496,Tmo,Tmo14,65,29,2,23,7.89066239130435,8.3247814673913,4.05506659294877,4.37635098739677,4.30717589832537,4.32244634157576,4.45822594337114,4.18280452495594,0.615814498506435,0.802539386691925,0.770659572773984,0.714454576804406,0.728474229941163,0.583131987553192,0.83119514927832,0.901077647245576,1.14988719289375,2.07876503073543,2.09094738160251,2.88058125351831,30,24,4.28367838142896,0.702512375378518,0.514569469265758,0.0843880861173718,2.35009788861875,0.960719996472549,0.282301451134091,4.45882088137775,1.05501681032068,1.2
PI428180,Tur,Tur02,68,20,4,32,11.9329807142857,8.94350431034483,2.39347000328541,2.54468299682257,2.51972674478195,2.43184347997545,2.42000756214303,2.38040821010568,0.580730448562438,0.646056637994821,0.644917161229237,0.607575998288668,0.608394025525546,0.631606157503618,1.22458980585688,1.31446247529747,1.08438577049294,2.52617248501393,2.70473133437643,2.20436221826856,28,38,2.44835649951902,0.619880071517388,0.273758072290191,0.0693106471476042,2.47842201255297,1.20781268388243,0.277119787339535,2.02709950987511,0.749477814846211,1.01785714285714
PI428253,Tur,Tur06,78,23,4,22,12.5367594444444,10.8625079512195,2.77967353359427,2.85613783810915,2.75597411668369,2.75806462323206,2.86893712385371,2.85822850833029,0.348784593382652,0.541006920261246,0.404230627592859,0.402758927873641,0.55314976979591,0.529466010826944,1.11827732721298,1.34496435752754,1.1704573491187,2.58497791757467,3.06681170084505,3.13830188714485,21,22,2.81283595730053,0.463232808288875,0.25894903552036,0.0426451064863773,2.93003050185486,1.21123301128641,0.26973793851409,2.32229136020089,0.866452610768819,0.785714285714286
PI428257,Tur,Tur07,74,20,4,27,11.006275952381,10.7582723148148,3.32815556632551,3.4559552479929,3.44510356798586,3.34617695279664,3.40997889979155,3.35148200175187,0.637896994570512,0.689186348191677,0.685857417184244,0.65605318318213,0.660238488124945,0.681281841436494,1.25357099891778,1.31250261549495,1.16007653422815,2.59865372222372,2.75675877849459,2.45253153337855,29,22,3.38947537277405,0.668419045448334,0.315057592296352,0.0621307051809685,2.60264801136562,1.24205004954696,0.241920629558857,2.72893622443828,0.977467070729537,0.568965517241379
PI538727,Tur,Tur20,75,22,1,21,11.5308796124031,11.4740911309524,2.98227900730388,2.97588980911776,2.78938997336725,2.89815696105894,2.69665867119166,2.69986330675891,0.349621611484484,0.404855026465605,0.548838412149773,0.548801964263539,0.511645112301769,0.505052222637466,0.72633412637114,1.18603348112372,0.771092211584165,2.37785243912034,2.44195323458417,2.49338488769413,25,20,2.84037295479973,0.478135724883773,0.247546661638199,0.0416709018105982,2.43773018713288,0.894486606359675,0.212455187893434,3.17542256597816,0.995075095451555,2.4
PI428249,Tur,Tur21,71.2045073804043,14.8915353098761,4.01182103158651,18.6413319961435,9.51077449541841,7.9445244382068,2.81659614965168,2.83329284280272,2.87776800433708,2.81689737589315,2.41762198242078,2.66571407242186,0.383378800620259,0.522491070607442,0.634407997859806,0.564598431380159,0.414968793794394,0.487694751406085,1.07237659198482,1.11387329952467,0.985091679388944,2.02215612734379,2.11829839085406,1.85238557773606,15.9048358765536,19.1593687208705,2.73798173792121,0.501256640944691,0.34463758771434,0.0630946062087804,1.9976133653113,1.05711385696614,0.251445304353824,2.5900537769688,0.835318347841587,0.900806906921809
PI428333,Tur,Tur25,79,28,2,29,10.3189105833333,10.317170297619,2.53406244405241,2.58852665083035,2.42226652005788,2.35858596583897,2.97967545001595,2.57031750703131,0.685465055437338,0.689908139607641,0.751166129824586,0.603427209924384,0.615461008139405,0.77790420025825,1.14040307303797,0.854502878294592,0.915392683129418,2.89939393692407,2.21551219771274,2.3974535650673,27,36,2.57557242297114,0.687221957198601,0.249639421340708,0.0666095389893097,2.50411989990137,0.97009954482066,0.242713828275111,2.6549568409985,0.999831349860022,2
TRI6735,Tur,Tur30,125.380332918662,29.5591273508902,4.80491981161186,37.8322177134948,9.20455117915223,7.87415926715063,2.27073357412505,2.54949127904614,2.39048361082259,2.36492637545865,2.2927173514965,2.25552420621103,0.630533195469395,0.819960614253057,0.742493118100243,0.685816779503689,0.635678629665282,0.612536421440227,0.694129338661884,0.972496996180969,0.878953410062627,2.84530391612143,2.71149383402182,2.38156872312691,32.1731904119833,32.6613479911625,2.35397939952666,0.687836459738649,0.29894993480091,0.087353638198323,2.64612215775672,0.84852658163516,0.336051388850591,2.77419641349409,0.85546368463735,0.633833349494778
PI5770884TK201-0003,Tca,Tca01,46,13,8,43,8.11866115384615,6.95807975308642,1.28464194872035,1.20868537569426,1.13100614509386,1.27561929946525,1.20197936754974,1.09366616412256,0.397933497120785,0.440049394652692,0.367193397094485,0.367492420601173,0.386445755007469,0.588138776065883,0.766006284682864,0.98899125521765,0.682798476550038,1.36746936663722,1.7589354185656,1.27702201046931,14,34,1.199266383441,0.424542206757081,0.172355941006431,0.0610142771888703,1.46780893189071,0.812598672150184,0.21095028858208,1.47584093420639,0.857047685724645,0.910714285714286
HOR10924,Hsp,Hsp01,96,10,3,13,14.92844,12.6315362903226,3.23605607740735,3.18211459421134,3.90587913564028,3.65828267237978,2.85859465637735,3.63579636164189,0.674907942504155,0.707692691896196,0.71196157263267,0.701343385796671,0.585712053687509,0.642247326043599,1.97233562835251,1.84661093810606,1.44227921482795,2.32731341265341,2.79535748496038,2.2462269986348,18,14,3.41278724960967,0.670644162093467,0.270179902995988,0.0530928421277836,2.45629929874953,1.75374192709551,0.194457684504408,1.94600311304744,0.846139066796169,0.777777777777778
HOR9819,Hsp,Hsp02,49,11,2,10,12.1718841666667,10.5184740860215,2.53496366714394,2.5619445257645,2.18424055077983,2.37865685765623,2.37778408378854,2.66861139367618,0.379471322522246,0.51099526724875,0.465726412553256,0.531545674409736,0.566301682556932,0.420868542826693,2.11244439989445,2.09672384391137,2.18742505821617,2.27752821902253,2.4126964072765,2.2379764424395,8,5,2.45103351313487,0.479151483686269,0.233021776076072,0.0455533264395295,2.30940035624618,2.13219776734066,0.219556595125832,1.14953385219602,0.864161533415414,0.9375
HOR13534,Hsp,Hsp03,71,14,2,13,10.9556077419355,8.90312156565657,2.49817275971625,2.57975223429012,2.70331567004677,2.51147765802945,2.48092885610187,2.6510891422012,0.573490681380679,0.595544332861114,0.625021291918133,0.724429828494346,0.38677246722246,0.603903102320117,1.38567421752752,1.37388829954728,1.23316694149577,2.37852867524173,2.51192799338582,2.22293836435612,16.615779829144,18.2136016069311,2.57078938673094,0.584860284032808,0.288751464053648,0.0656915981343985,2.37113167766122,1.33090981952352,0.266325879094785,1.9316029899391,0.812654284031867,1.64424436838509
R1053,Str,Str02,112,28,0,0,12.0002509333333,13.6797878225806,6.37296152047359,6.55809103641736,6.30873268885605,6.67363986851175,6.52016002965808,6.92309019344862,0.739778857408762,0.82715550766929,0.617488611779522,0.787469081514343,0.631865188226244,0.8465510255357,1.50734319893559,1.41005983231032,1.51811313411521,2.8116036686125,2.89819556939971,3.24583760583262,11.8564309054682,0,6.55944588956091,0.741718045355644,0.479499095646318,0.0542199963168525,2.98521228128161,1.47850538845371,0.218220656635774,4.43653837232281,1.13995848074993,0
